SK_ID_CURR,CODE_GENDER,DAYS_BIRTH,DAYS_EMPLOYED,EXT_SOURCE_2,EXT_SOURCE_3,DAYS_LAST_PHONE_CHANGE,BURO_DAYS_CREDIT_MIN,BURO_DAYS_CREDIT_MAX,BURO_DAYS_CREDIT_MEAN,BURO_DAYS_CREDIT_ENDDATE_MIN,BURO_DAYS_CREDIT_UPDATE_MEAN,NAME_INCOME_TYPE_cat_Working,BURO_CREDIT_ACTIVE_cat_Active_MEAN,BURO_CREDIT_ACTIVE_cat_Closed_MEAN,PREV_NAME_CONTRACT_STATUS_cat_Approved_MEAN,PREV_NAME_CONTRACT_STATUS_cat_Refused_MEAN,PREV_CODE_REJECT_REASON_cat_HC_MEAN,PREV_CODE_REJECT_REASON_cat_SCOFR_MEAN,PREV_CODE_REJECT_REASON_cat_XAP_MEAN,PREV_NAME_PRODUCT_TYPE_cat_walk-in_MEAN
168767,0.0,-9585.0,-1010.0,0.3436585993011503,0.5352762504724826,-592.0,-1836.0,-269.0,-1042.0,-1286.0,-473.08333333333337,1,0.375,0.625,0.6666666666666666,0.3333333333333333,0.0,0.0,0.6666666666666666,0.0
432815,1.0,-21013.0,-1544.0,0.7849932612062638,0.5352762504724826,-1836.0,-1836.0,-269.0,-1042.0,-1286.0,-473.08333333333337,0,0.375,0.625,1.0,0.0,0.0,0.0,1.0,0.0
188152,1.0,-17636.0,-4255.0,0.3600535455441202,0.7380196196295241,-367.0,-1620.0,-313.0,-1015.0,-524.0,-482.85714285714283,1,0.42857142857142855,0.5714285714285714,0.5,0.0,0.0,0.0,1.0,0.0
164304,1.0,-8622.0,-1627.0,0.0598773798562559,0.475849908720221,-42.0,-691.0,-484.0,-587.5,-211.0,-449.0,1,0.5,0.5,1.0,0.0,0.0,0.0,1.0,0.0
355960,1.0,-21734.0,-1544.0,0.4171033623913911,0.5352762504724826,-1591.0,-1938.0,-376.0,-1035.6666666666667,-1573.0,-647.0,0,0.5,0.5,1.0,0.0,0.0,0.0,1.0,0.0
141153,1.0,-10514.0,-538.0,0.465914071950225,0.5814837058057234,-1020.0,-1788.0,-253.0,-788.2857142857143,-1666.0,-344.14285714285717,1,0.7142857142857143,0.2857142857142857,0.8,0.2,0.0,0.0,0.8,0.0
338715,1.0,-20081.0,-2904.0,0.6678312751840992,0.6430255641096323,-1676.0,-398.0,-398.0,-398.0,-275.0,-275.0,1,0.0,1.0,0.5555555555555556,0.4444444444444444,0.4444444444444444,0.0,0.5555555555555556,0.0
419614,1.0,-8474.0,-1229.0,0.7087043469799418,0.2837118826350007,-990.0,-750.0,-207.0,-388.5,-330.0,-36.0,1,0.75,0.25,1.0,0.0,0.0,0.0,1.0,0.0
328837,1.0,-20886.0,-456.0,0.5755295095679599,0.1604889306273446,-957.0,-2820.0,-356.0,-1739.5,-1519.0,-928.5,1,0.6666666666666666,0.3333333333333333,0.5,0.125,0.125,0.0,0.5,0.125
102116,1.0,-17231.0,-1344.0,0.7461966139749001,0.6577838002083306,-300.0,-2874.0,-478.0,-1673.25,-2143.0,-728.5,1,0.0,1.0,1.0,0.0,0.0,0.0,1.0,0.0
297879,1.0,-10364.0,-2953.0,0.5054849597807094,0.5352762504724826,-1509.0,-1836.0,-269.0,-1042.0,-1286.0,-473.08333333333337,0,0.375,0.625,0.6666666666666666,0.3333333333333333,0.0,0.0,0.6666666666666666,0.0
234799,1.0,-9641.0,-516.0,0.6361471851434944,0.4329616670974407,-550.0,-1225.0,-1164.0,-1204.3333333333333,-1041.0,-590.3333333333334,1,0.3333333333333333,0.6666666666666666,0.625,0.0,0.0,0.0,1.0,0.0
256274,0.0,-17177.0,-6222.0,0.5615514918245745,0.5352762504724826,-1142.0,-1836.0,-269.0,-1042.0,-1286.0,-473.08333333333337,0,0.375,0.625,1.0,0.0,0.0,0.0,1.0,0.0
346709,0.0,-13633.0,-2477.0,0.0815675543122328,0.5352762504724826,-452.0,-1836.0,-269.0,-1042.0,-1286.0,-473.08333333333337,0,0.375,0.625,0.625,0.0,0.0,0.0,1.0,0.0
333483,0.0,-14384.0,-100.0,0.6380683921581722,0.6397075677637197,-1544.0,-2368.0,-250.0,-964.25,-2192.0,-113.125,1,0.5,0.5,0.6666666666666666,0.0,0.0,0.0,0.8333333333333334,0.0
202642,1.0,-20143.0,-4433.0,0.6784778666173765,0.4668640059537032,-850.0,-2666.0,-300.0,-1141.7272727272727,-1054.0,-270.27272727272725,0,0.6363636363636364,0.36363636363636365,1.0,0.0,0.0,0.0,1.0,0.0
421909,1.0,-8211.0,-769.0,0.5650909997991383,0.5352762504724826,-476.0,-1836.0,-269.0,-1042.0,-1286.0,-473.08333333333337,1,0.375,0.625,1.0,0.0,0.0,0.0,1.0,0.0
203057,1.0,-18103.0,-1596.0,0.7765612339589175,0.5884877883422673,-822.0,-2740.0,-85.0,-1097.8,-2556.0,-972.6,1,0.6,0.4,0.2222222222222222,0.3333333333333333,0.2222222222222222,0.0,0.6666666666666666,0.2777777777777778
224963,1.0,-22651.0,-3613.0,0.6459687745949915,0.3774042489507649,-1506.0,-661.0,-105.0,-352.5,-143.0,-73.25,0,1.0,0.0,0.14285714285714285,0.35714285714285715,0.35714285714285715,0.0,0.6428571428571429,0.0
289023,1.0,-19355.0,-1544.0,0.7177563953861612,0.5352762504724826,-170.0,-1836.0,-269.0,-1042.0,-1286.0,-473.08333333333337,0,0.375,0.625,1.0,0.0,0.0,0.0,1.0,0.0
442090,1.0,-22874.0,-1544.0,0.7629729823888425,0.5280927512030451,-1717.0,-2584.0,-205.0,-1052.6666666666667,-1855.0,-512.1666666666666,0,0.3333333333333333,0.6666666666666666,1.0,0.0,0.0,0.0,1.0,0.0
163938,1.0,-14490.0,-988.0,0.390706907252692,0.7922644738669378,-692.0,-2401.0,-36.0,-808.75,-2034.0,-599.75,1,0.5,0.5,1.0,0.0,0.0,0.0,1.0,0.0
228525,1.0,-18274.0,-2653.0,0.2847563334517926,0.3859146722745145,-1719.0,-2823.0,-599.0,-1144.6,-2456.0,-705.8,1,0.2,0.8,1.0,0.0,0.0,0.0,1.0,0.0
144797,1.0,-22539.0,-1544.0,0.6075983150993742,0.5352762504724826,-1184.0,-1836.0,-269.0,-1042.0,-1286.0,-473.08333333333337,0,0.375,0.625,0.875,0.125,0.125,0.0,0.875,0.125
235035,1.0,-18307.0,-4462.0,0.1188473456198207,0.1229554179088549,-837.0,-761.0,-150.0,-455.5,-330.0,-17.5,1,1.0,0.0,0.3333333333333333,0.3333333333333333,0.3333333333333333,0.0,0.3333333333333333,0.6666666666666666
139382,1.0,-7935.0,-377.0,0.6492026571918827,0.6023863442690867,-348.0,-302.0,-302.0,-302.0,-120.0,-115.0,1,0.0,1.0,0.5,0.5,0.0,0.0,0.5,0.0
389305,0.0,-8311.0,-658.0,0.5675078430375975,0.5352762504724826,-572.0,-1836.0,-269.0,-1042.0,-1286.0,-473.08333333333337,1,0.375,0.625,1.0,0.0,0.0,0.0,1.0,0.0
107515,1.0,-19197.0,-882.0,0.225397742802527,0.5352762504724826,-591.0,-1836.0,-269.0,-1042.0,-1286.0,-473.08333333333337,0,0.375,0.625,0.6,0.0,0.0,0.0,1.0,0.0
143686,0.0,-11883.0,-1217.0,0.3438756572847062,0.6075573001388961,-808.0,-2695.0,-99.0,-1561.0,-2040.0,-1083.5555555555557,1,0.3333333333333333,0.5555555555555556,1.0,0.0,0.0,0.0,1.0,0.0
277005,0.0,-21769.0,-1648.0,0.4532221834982945,0.5352762504724826,-761.0,-206.0,-206.0,-206.0,-330.0,-8.0,1,1.0,0.0,0.08,0.48,0.48,0.0,0.52,0.04
431440,1.0,-12344.0,-657.0,0.5644728606310998,0.6347055309763198,-687.0,-960.0,-131.0,-545.5,-807.0,-406.5,1,0.5,0.5,1.0,0.0,0.0,0.0,1.0,0.0
138130,0.0,-16311.0,-2186.0,0.7028101370884131,0.5352762504724826,-1477.0,-1836.0,-269.0,-1042.0,-1286.0,-473.08333333333337,0,0.375,0.625,0.75,0.25,0.25,0.0,0.75,0.75
446270,1.0,-10009.0,-1733.0,0.5474155018289366,0.6706517530862718,-1110.0,-1622.0,-988.0,-1324.75,-1438.0,-675.75,0,0.0,1.0,1.0,0.0,0.0,0.0,1.0,0.0
383610,1.0,-11746.0,-375.0,0.684321698820802,0.2498850627504553,-500.0,-502.0,-241.0,-428.6,-330.0,-309.4,1,1.0,0.0,0.2222222222222222,0.2222222222222222,0.0,0.1111111111111111,0.7777777777777778,0.2222222222222222
174054,1.0,-14126.0,-3906.0,0.649068182868901,0.5954562029091491,-2250.0,-1830.0,-302.0,-1083.0,-1649.0,-864.3333333333334,1,0.3333333333333333,0.6666666666666666,0.5,0.5,0.0,0.0,0.5,0.0
418469,0.0,-19301.0,-977.0,0.0335213315480106,0.5352762504724826,-696.0,-1836.0,-269.0,-1042.0,-1286.0,-473.08333333333337,1,0.375,0.625,1.0,0.0,0.0,0.0,1.0,0.0
387579,0.0,-11440.0,-668.0,0.4043121016844758,0.7713615919194317,-1931.0,-2539.0,-269.0,-1891.75,-2173.0,-1345.0,1,0.0,1.0,0.625,0.0,0.0,0.0,0.875,0.125
170638,1.0,-15665.0,-1544.0,0.2189922647180279,0.6178261467332483,-1000.0,-1492.0,-62.0,-977.8,-1125.0,-575.2,1,0.6,0.4,1.0,0.0,0.0,0.0,1.0,0.0
100220,1.0,-14823.0,-185.0,0.6263387445759298,0.6075573001388961,-1898.0,-2413.0,-350.0,-1645.142857142857,-2108.0,-996.2857142857143,0,0.14285714285714285,0.8571428571428571,0.6666666666666666,0.0,0.0,0.0,0.8333333333333334,0.0
113714,1.0,-17338.0,-3936.0,0.5873858390946372,0.6577838002083306,-1983.0,-2497.0,-305.0,-895.5,-2187.0,-544.8333333333334,1,0.3333333333333333,0.6666666666666666,0.75,0.25,0.25,0.0,0.75,0.0
439404,1.0,-24483.0,-1544.0,0.6061897183344392,0.4578995512067301,0.0,-2342.0,-300.0,-1692.1666666666667,-2019.0,-532.6666666666666,0,0.3333333333333333,0.6666666666666666,0.75,0.25,0.0,0.0,0.75,0.0
395045,0.0,-13470.0,-1010.0,0.3723402033784069,0.5352762504724826,-37.0,-1836.0,-269.0,-1042.0,-1286.0,-473.08333333333337,1,0.375,0.625,0.8,0.2,0.2,0.0,0.8,0.0
174287,1.0,-15903.0,-2806.0,0.5347045130998435,0.5352762504724826,-2919.0,-1836.0,-269.0,-1042.0,-1286.0,-473.08333333333337,0,0.375,0.625,1.0,0.0,0.0,0.0,1.0,0.0
340432,1.0,-19441.0,-4064.0,0.6351292046741144,0.1285043773724039,-2111.0,-2436.0,-32.0,-1361.125,-2342.0,-790.4583333333334,1,0.2916666666666667,0.7083333333333334,0.3076923076923077,0.6923076923076923,0.6153846153846154,0.0,0.3076923076923077,0.0
122106,0.0,-20124.0,-1544.0,0.1573197078245665,0.5531646987710016,-1023.0,-1979.0,-569.0,-1111.2727272727273,-1619.0,-824.9090909090909,0,0.45454545454545453,0.5454545454545454,0.8571428571428571,0.14285714285714285,0.14285714285714285,0.0,0.8571428571428571,0.0
378425,1.0,-11519.0,-629.0,0.6657566860303207,0.5352762504724826,-493.0,-1836.0,-269.0,-1042.0,-1286.0,-473.08333333333337,1,0.375,0.625,0.5,0.0,0.0,0.0,1.0,0.0
268297,0.0,-13611.0,-247.0,0.6858361229406011,0.5352762504724826,-849.0,-1836.0,-269.0,-1042.0,-1286.0,-473.08333333333337,0,0.375,0.625,1.0,0.0,0.0,0.0,1.0,0.0
416113,0.0,-10631.0,-424.0,0.2246007949294469,0.5352762504724826,-484.0,-198.0,-198.0,-198.0,169.0,-5.0,0,1.0,0.0,1.0,0.0,0.0,0.0,1.0,0.0
123682,1.0,-23274.0,-1544.0,0.3813934839517139,0.7136313997323308,-1479.0,-2111.0,-634.0,-1295.0,-1381.0,-468.0,0,0.2,0.8,0.45454545454545453,0.18181818181818182,0.18181818181818182,0.0,0.8181818181818182,0.0
292543,1.0,-23117.0,-1544.0,0.6377905940551429,0.6496203111237195,-1274.0,-2770.0,-728.0,-2018.7,-2496.0,-1331.5,0,0.3,0.7,1.0,0.0,0.0,0.0,1.0,0.0
178265,0.0,-14061.0,-888.0,0.5918040901102916,0.7062051096536562,-656.0,-1353.0,-989.0,-1227.6666666666667,-1158.0,-860.6666666666666,0,0.0,1.0,1.0,0.0,0.0,0.0,1.0,0.0
186608,1.0,-19636.0,-1544.0,0.3613747193604829,0.6545292802242897,-746.0,-2608.0,-81.0,-1117.4,-1027.0,-464.0,1,0.8,0.2,1.0,0.0,0.0,0.0,1.0,0.0
243606,1.0,-10364.0,-920.0,0.4191250608154444,0.5460231970049609,-483.0,-973.0,-810.0,-891.5,-669.0,-339.0,1,0.5,0.5,1.0,0.0,0.0,0.0,1.0,0.0
303475,1.0,-20787.0,-4527.0,0.7683208542223064,0.4188542886233217,-855.0,-2488.0,-414.0,-1852.5,-2123.0,-635.5,0,0.5,0.5,1.0,0.0,0.0,0.0,1.0,0.0
251061,0.0,-13638.0,-871.0,0.4444965643468609,0.1021187878635838,0.0,-646.0,-191.0,-429.6666666666667,-330.0,-44.0,0,0.6666666666666666,0.3333333333333333,0.3333333333333333,0.0,0.0,0.0,1.0,0.3333333333333333
446349,1.0,-16641.0,-1037.0,0.5332080517933242,0.3296550543128238,-511.0,-102.0,-102.0,-102.0,-72.0,-80.0,1,1.0,0.0,0.4,0.2,0.2,0.0,0.8,0.0
349003,1.0,-17040.0,-237.0,0.7238119163475945,0.6430255641096323,-2860.0,-1089.0,-475.0,-845.6666666666666,-607.0,-205.33333333333334,0,0.6666666666666666,0.3333333333333333,0.6,0.4,0.0,0.0,0.6,0.6
174357,1.0,-14035.0,-5082.0,0.6797026066555476,0.7267112092725122,-1772.0,-2793.0,-322.0,-1540.25,-2325.0,-886.5,0,0.625,0.375,0.75,0.0,0.0,0.0,1.0,0.0
384404,1.0,-20288.0,-1147.0,0.5485204836484299,0.1455428133497032,0.0,-1892.0,-220.0,-778.0,-1558.0,-537.3333333333334,0,0.6666666666666666,0.3333333333333333,1.0,0.0,0.0,0.0,1.0,0.0
308273,0.0,-21419.0,-400.0,0.6956684015665721,0.2498850627504553,-2610.0,-1103.0,-473.0,-794.0,-473.0,-173.33333333333334,1,0.6666666666666666,0.3333333333333333,1.0,0.0,0.0,0.0,1.0,0.0
228742,1.0,-14258.0,-2775.0,0.6735496252124289,0.1183643263674006,-2003.0,-1285.0,-26.0,-554.5833333333334,-727.0,-86.0,1,0.5,0.5,0.8571428571428571,0.0,0.0,0.0,1.0,0.0
151918,1.0,-20075.0,-1689.0,0.089322444236827,0.5226973172821112,0.0,-2710.0,-483.0,-2094.0,-2271.0,-872.2857142857143,0,0.2857142857142857,0.7142857142857143,1.0,0.0,0.0,0.0,1.0,0.0
297146,1.0,-14413.0,-3962.0,0.6764327692468609,0.8193176922872417,-1337.0,-1879.0,-467.0,-1173.0,-1696.0,-845.5,1,0.0,1.0,1.0,0.0,0.0,0.0,1.0,0.0
115672,1.0,-16401.0,-1544.0,0.652155068350052,0.6512602186973006,-441.0,-2643.0,-288.0,-1514.25,-2277.0,-1102.25,0,0.5,0.5,0.6666666666666666,0.0,0.0,0.0,1.0,0.0
358609,1.0,-15997.0,-1231.0,0.752615051486076,0.4794489811780563,-1033.0,-2884.0,-119.0,-1074.909090909091,-1970.0,-743.7272727272727,1,0.2727272727272727,0.7272727272727273,0.25,0.25,0.25,0.0,0.75,0.0
113818,1.0,-22976.0,-1544.0,0.2781362708871374,0.1261005588362325,0.0,-973.0,-109.0,-428.8888888888889,-698.0,-105.22222222222223,0,0.6666666666666666,0.3333333333333333,1.0,0.0,0.0,0.0,1.0,0.0
422937,1.0,-14799.0,-632.0,0.6212172058173611,0.5620604831738043,-399.0,-2648.0,-219.0,-1169.4,-2312.0,-800.6,0,0.4,0.6,0.5,0.0,0.0,0.0,1.0,0.0
310008,1.0,-13551.0,-1544.0,0.5469820474054116,0.2910973802776635,-1033.0,-2186.0,-329.0,-796.75,-1913.0,-40.0,0,1.0,0.0,0.625,0.375,0.375,0.0,0.625,0.0
302575,1.0,-22982.0,-1544.0,0.3307813089141135,0.5352762504724826,-897.0,-1836.0,-269.0,-1042.0,-1286.0,-473.08333333333337,0,0.375,0.625,1.0,0.0,0.0,0.0,1.0,0.0
359572,1.0,-17657.0,-3889.0,0.6857183185446323,0.501075160239048,-868.0,-220.0,-220.0,-220.0,144.0,-10.0,1,1.0,0.0,1.0,0.0,0.0,0.0,1.0,0.0
265980,1.0,-8181.0,-272.0,0.3442161749779205,0.5352762504724826,-431.0,-1836.0,-269.0,-1042.0,-1286.0,-473.08333333333337,1,0.375,0.625,0.3333333333333333,0.16666666666666666,0.16666666666666666,0.0,0.8333333333333334,0.0
310175,0.0,-20719.0,-579.0,0.6148937129174441,0.4276573700350293,-2405.0,-2143.0,-333.0,-1293.0,-1166.0,-289.75,0,0.625,0.375,0.8,0.0,0.0,0.0,1.0,0.0
373806,1.0,-17584.0,-109.0,0.3212631079072071,0.4471785780453068,0.0,-142.0,-142.0,-142.0,-330.0,-11.0,1,0.0,1.0,1.0,0.0,0.0,0.0,1.0,0.0
277101,0.0,-9932.0,-360.0,0.5932454445411088,0.2692857999073816,-1352.0,-2861.0,-34.0,-1165.0,-2649.0,-587.7857142857143,1,0.5714285714285714,0.42857142857142855,0.3333333333333333,0.6666666666666666,0.0,0.0,0.3333333333333333,0.0
155707,0.0,-14584.0,-214.0,0.5758660297877313,0.3842068130556564,-2698.0,-1379.0,-102.0,-573.3333333333334,-1256.0,-286.3333333333333,1,0.6666666666666666,0.3333333333333333,0.5,0.0,0.0,0.0,0.5,0.0
275389,0.0,-11564.0,-121.0,0.2646686159411052,0.8327850252992314,0.0,-2695.0,-689.0,-1715.0833333333333,-2329.0,-1140.9166666666667,1,0.08333333333333333,0.9166666666666666,1.0,0.0,0.0,0.0,1.0,0.0
281077,1.0,-15327.0,-1544.0,0.7073255413506234,0.7001838506835805,-1353.0,-2112.0,-493.0,-1330.3636363636363,-1836.0,-853.3636363636364,1,0.2727272727272727,0.7272727272727273,0.6,0.0,0.0,0.0,1.0,0.2
317887,0.0,-15118.0,-1050.0,0.3735470783177984,0.5352762504724826,-443.0,-1836.0,-269.0,-1042.0,-1286.0,-473.08333333333337,1,0.375,0.625,1.0,0.0,0.0,0.0,1.0,0.0
419529,0.0,-12300.0,-3314.0,0.6348200256531474,0.1351060157401717,-1749.0,-2901.0,-209.0,-1163.6666666666667,-2603.0,-529.7333333333333,0,0.3333333333333333,0.6666666666666666,0.75,0.125,0.0,0.0,0.75,0.0
182297,1.0,-10346.0,-1021.0,0.7005901748119543,0.3927738606031339,-810.0,-183.0,-183.0,-183.0,932.0,-34.0,1,1.0,0.0,1.0,0.0,0.0,0.0,1.0,0.0
232085,1.0,-12437.0,-735.0,0.7800738554937219,0.158554899794863,-244.0,-2347.0,-379.0,-1018.0,-773.0,-204.2,0,0.6,0.4,0.3333333333333333,0.4444444444444444,0.4444444444444444,0.0,0.5555555555555556,0.0
166958,1.0,-14665.0,-4989.0,0.505364702236026,0.6956219298394389,-1571.0,-632.0,-632.0,-632.0,-416.0,-396.0,0,0.0,1.0,1.0,0.0,0.0,0.0,1.0,0.0
432565,1.0,-14945.0,-1213.0,0.6974386540211783,0.4101025731788671,-971.0,-2597.0,-269.0,-1042.0,-2291.0,-466.0,0,0.0,1.0,1.0,0.0,0.0,0.0,1.0,0.0
258813,1.0,-23289.0,-1544.0,0.6640465253804881,0.6801388218428291,-1003.0,-1374.0,-54.0,-802.8,-1040.0,-295.8,1,0.2,0.8,1.0,0.0,0.0,0.0,1.0,0.0
370916,1.0,-13364.0,-2215.0,0.4728363164758667,0.520897599048938,-2171.0,-1468.0,-323.0,-773.6666666666666,-749.0,-263.5,0,0.5,0.5,1.0,0.0,0.0,0.0,1.0,0.0
236922,1.0,-9967.0,-1142.0,0.6669429569976523,0.2692857999073816,-2400.0,-902.0,-145.0,-529.1666666666666,-796.0,-319.75,1,0.3333333333333333,0.6666666666666666,0.16666666666666666,0.3333333333333333,0.3333333333333333,0.0,0.6666666666666666,0.0
196773,1.0,-10611.0,-3171.0,0.2008385725640204,0.2985949897873972,-479.0,-2466.0,-146.0,-782.25,-2009.0,-581.0,0,0.625,0.375,0.1875,0.5,0.1875,0.0,0.5,0.0625
394846,1.0,-23195.0,-1544.0,0.7016578575116881,0.3031463744186309,0.0,-1469.0,-127.0,-685.3333333333334,-738.0,-245.66666666666666,0,0.6666666666666666,0.3333333333333333,0.0,1.0,1.0,0.0,0.0,0.0
128064,1.0,-20411.0,-1544.0,0.69083223184818,0.8004513396487078,-1972.0,-1972.0,-1108.0,-1729.8,-1605.0,-628.4,0,0.2,0.8,0.8333333333333334,0.16666666666666666,0.16666666666666666,0.0,0.8333333333333334,0.0
244120,0.0,-10111.0,-956.0,0.6897803736876951,0.6785676886853644,-2260.0,-2540.0,-671.0,-1967.25,-2357.0,-1121.0,0,0.25,0.75,1.0,0.0,0.0,0.0,1.0,0.0
423846,1.0,-7863.0,-881.0,0.721484622648867,0.4525335592581747,-469.0,-514.0,-186.0,-350.0,-361.0,-188.5,0,0.5,0.5,0.3333333333333333,0.0,0.0,0.0,1.0,0.0
378283,0.0,-10847.0,-3069.0,0.4824330477219709,0.7324033228040929,0.0,-1611.0,-282.0,-946.5,-515.0,-55.0,0,0.5,0.5,0.8333333333333334,0.0,0.0,0.0,1.0,0.0
449305,1.0,-22012.0,-1544.0,0.5736212474363416,0.501075160239048,-351.0,-1960.0,-210.0,-882.75,-864.0,-355.5,0,0.375,0.625,0.5,0.5,0.0,0.0,0.5,0.0
402169,1.0,-15132.0,-449.0,0.7823612102786952,0.7713615919194317,-2658.0,-1558.0,-1142.0,-1421.75,-1192.0,-972.0,1,0.25,0.75,1.0,0.0,0.0,0.0,1.0,0.0
293582,1.0,-23432.0,-1544.0,0.7675219289282381,0.7338145369642702,-812.0,-2828.0,-237.0,-1343.2857142857142,-2585.0,-689.2142857142857,0,0.2857142857142857,0.7142857142857143,0.75,0.0,0.0,0.0,1.0,0.0
231719,0.0,-20885.0,-208.0,0.0887124260178767,0.7713615919194317,0.0,-1015.0,-1015.0,-1015.0,-924.0,-861.0,0,0.0,1.0,1.0,0.0,0.0,0.0,1.0,0.0
199755,1.0,-16843.0,-911.0,0.1145558504524554,0.5352762504724826,-680.0,-1836.0,-269.0,-1042.0,-1286.0,-473.08333333333337,0,0.375,0.625,0.6666666666666666,0.0,0.0,0.0,1.0,0.0
320124,0.0,-12038.0,-2486.0,0.6732706850286138,0.3441550073724169,-2102.0,-2830.0,-61.0,-1683.8,-2652.0,-1496.2,1,0.4,0.6,0.42857142857142855,0.0,0.0,0.0,1.0,0.0
339489,1.0,-14354.0,-1716.0,0.5659614260608526,0.1214082861631216,0.0,-641.0,-380.0,-478.5,-330.0,-44.75,1,0.75,0.25,1.0,0.0,0.0,0.0,1.0,0.0
153530,1.0,-14222.0,-2763.0,0.5100432197172741,0.5172965813614878,-1708.0,-1607.0,-149.0,-733.875,-1334.0,-289.0,1,0.375,0.625,0.8571428571428571,0.0,0.0,0.0,1.0,0.14285714285714285
178485,1.0,-10636.0,-915.0,0.219415191097014,0.7295666907060153,0.0,-2330.0,-374.0,-1598.1666666666667,-1165.0,-248.5,1,0.6666666666666666,0.3333333333333333,1.0,0.0,0.0,0.0,1.0,0.0
164274,0.0,-22582.0,-1544.0,0.6162546846630235,0.7981372313187245,-51.0,-1796.0,-847.0,-1321.5,-878.0,-308.0,0,0.0,1.0,1.0,0.0,0.0,0.0,1.0,0.0
128277,1.0,-11306.0,-2053.0,0.0078332092346802,0.3807996826489149,-911.0,-958.0,-99.0,-495.6666666666667,-836.0,-287.6666666666667,0,0.6666666666666666,0.3333333333333333,1.0,0.0,0.0,0.0,1.0,0.0
102392,0.0,-16557.0,-2576.0,0.5617399246315241,0.6785676886853644,-1863.0,-572.0,-572.0,-572.0,-212.0,-202.0,1,0.0,1.0,0.75,0.25,0.25,0.0,0.75,0.0
247343,1.0,-10998.0,-106.0,0.6589197971528863,0.2276129150623945,-1855.0,-2513.0,-111.0,-1075.25,-743.0,-294.0,1,0.625,0.375,1.0,0.0,0.0,0.0,1.0,0.0
282983,0.0,-11440.0,-3178.0,0.4694418015283168,0.6263042766749393,-1448.0,-950.0,-420.0,-685.0,-599.0,-262.5,1,0.5,0.5,0.8333333333333334,0.0,0.0,0.0,1.0,0.0
293321,0.0,-8523.0,-1935.0,0.3178443819399267,0.5352762504724826,-552.0,-1836.0,-269.0,-1042.0,-1286.0,-473.08333333333337,1,0.375,0.625,1.0,0.0,0.0,0.0,1.0,0.0
180032,1.0,-13142.0,-917.0,0.1691493245278404,0.1419915427739129,-2327.0,-2602.0,-75.0,-786.6363636363636,-1506.0,-341.09090909090907,1,0.6363636363636364,0.36363636363636365,0.2,0.0,0.0,0.0,1.0,0.0
236235,1.0,-11776.0,-2043.0,0.3811768180922356,0.4543210601605785,-520.0,-986.0,-314.0,-618.8888888888889,-894.0,-283.22222222222223,0,0.3333333333333333,0.6666666666666666,0.375,0.375,0.375,0.0,0.625,0.25
316986,0.0,-14244.0,-951.0,0.5913866989491036,0.4083588531230431,-1196.0,-2520.0,-1309.0,-1725.3333333333333,-694.0,-619.0,0,0.6666666666666666,0.3333333333333333,1.0,0.0,0.0,0.0,1.0,0.0
262275,0.0,-9155.0,-1479.0,0.0981128346947381,0.2896112383820055,-296.0,-1239.0,-71.0,-386.875,-330.0,-226.25,0,0.625,0.375,1.0,0.0,0.0,0.0,1.0,1.0
204095,0.0,-10932.0,-642.0,0.3502282764063256,0.5352762504724826,-535.0,-1836.0,-269.0,-1042.0,-1286.0,-473.08333333333337,1,0.375,0.625,0.6666666666666666,0.3333333333333333,0.0,0.3333333333333333,0.6666666666666666,0.3333333333333333
320821,0.0,-18179.0,-1008.0,0.2226266538886952,0.5954562029091491,-610.0,-1178.0,-1164.0,-1171.0,-1286.0,-1066.0,1,0.5,0.5,0.375,0.0,0.0,0.0,1.0,0.25
348561,1.0,-14707.0,-2207.0,0.1969882638038377,0.6006575372857061,-572.0,-944.0,-140.0,-561.3333333333334,-579.0,-239.33333333333334,1,0.3333333333333333,0.6666666666666666,0.4444444444444444,0.0,0.0,0.0,1.0,0.1111111111111111
133568,1.0,-11616.0,-3029.0,0.5939839799905154,0.8050196619153701,0.0,-2187.0,-422.0,-1421.5,-2037.0,-550.5,0,0.3333333333333333,0.6666666666666666,1.0,0.0,0.0,0.0,1.0,0.5
449588,1.0,-10112.0,-1382.0,0.0201343698867395,0.3996756156233169,0.0,-1261.0,-92.0,-634.8571428571429,-1078.0,-319.85714285714283,1,0.42857142857142855,0.5714285714285714,0.5,0.0,0.0,0.0,1.0,0.0
362913,0.0,-20485.0,-673.0,0.068263711070222,0.5352762504724826,0.0,-757.0,-750.0,-753.3333333333334,338.0,-435.3333333333333,1,1.0,0.0,1.0,0.0,0.0,0.0,1.0,0.0
183684,1.0,-13538.0,-2340.0,0.3245764472624408,0.5549467685334323,-1078.0,-1077.0,-27.0,-319.5,-711.0,-190.75,1,0.25,0.75,0.5,0.25,0.25,0.0,0.5,0.25
391656,1.0,-15729.0,-3289.0,0.331711386227595,0.6801388218428291,-1287.0,-1696.0,-233.0,-970.0,-1331.0,-305.8,0,0.3,0.7,1.0,0.0,0.0,0.0,1.0,0.0
195481,1.0,-18499.0,-721.0,0.1637701756513119,0.2910973802776635,-429.0,-1864.0,-262.0,-730.8571428571429,-1652.0,-156.85714285714286,1,0.7142857142857143,0.2857142857142857,1.0,0.0,0.0,0.0,1.0,0.0
165459,1.0,-8664.0,-1646.0,0.6148056792289229,0.3589512285783967,-1014.0,-64.0,-41.0,-52.5,-330.0,-15.5,1,0.5,0.5,0.2857142857142857,0.2857142857142857,0.0,0.0,0.7142857142857143,0.14285714285714285
189803,1.0,-11256.0,-774.0,0.1857263161848868,0.470456116119975,-1154.0,-1034.0,-316.0,-648.6666666666666,-330.0,-20.0,0,1.0,0.0,1.0,0.0,0.0,0.0,1.0,1.0
106093,0.0,-15056.0,-1086.0,0.4187950174202421,0.7801436381572275,-4.0,-1980.0,-826.0,-1374.8,-1676.0,-918.6,0,0.4,0.6,1.0,0.0,0.0,0.0,1.0,0.0
230877,1.0,-13137.0,-2392.0,0.5991941776659778,0.5046813193144684,-571.0,-1645.0,-354.0,-805.5,-1553.0,-409.5,1,0.375,0.625,0.4,0.6,0.0,0.4,0.4,0.2
363416,1.0,-10937.0,-995.0,0.6738140240475433,0.5656079814115492,-2641.0,-2641.0,-66.0,-1383.8666666666666,-2518.0,-752.4,1,0.13333333333333333,0.8666666666666667,0.16666666666666666,0.5,0.16666666666666666,0.0,0.16666666666666666,0.0
273251,0.0,-8616.0,-517.0,0.0003696328687605,0.2636468134452008,-201.0,-610.0,-139.0,-416.5,-186.0,-80.0,0,0.5,0.5,0.3333333333333333,0.0,0.0,0.0,1.0,0.16666666666666666
323091,0.0,-8140.0,-227.0,0.6595436779932847,0.3108182544189319,-354.0,-463.0,-91.0,-277.0,1364.0,-29.5,1,1.0,0.0,1.0,0.0,0.0,0.0,1.0,0.0
444695,0.0,-16414.0,-145.0,0.1540316222344741,0.5352762504724826,-622.0,-2377.0,-112.0,-925.1818181818181,-2212.0,-709.0909090909091,0,0.45454545454545453,0.5454545454545454,0.7857142857142857,0.21428571428571427,0.0,0.0,0.7857142857142857,0.21428571428571427
342312,0.0,-10734.0,-617.0,0.5968812268499248,0.1437580534911652,-257.0,-408.0,-104.0,-238.8,-330.0,-105.8,1,0.8,0.2,0.375,0.375,0.0,0.25,0.625,0.0
288723,1.0,-23560.0,-1544.0,0.3506364483717749,0.2778856891082046,-1524.0,-2108.0,-855.0,-1550.4,-1751.0,-823.2,0,0.0,1.0,0.5714285714285714,0.21428571428571427,0.21428571428571427,0.0,0.7857142857142857,0.14285714285714285
327938,0.0,-22049.0,-1544.0,0.3726571103634387,0.5832379256761245,-497.0,-2873.0,-204.0,-1140.8,-2691.0,-746.9333333333333,0,0.2,0.7333333333333333,0.3333333333333333,0.3333333333333333,0.3333333333333333,0.0,0.6666666666666666,0.3333333333333333
102768,1.0,-10884.0,-887.0,0.1238859187969087,0.158554899794863,0.0,-256.0,-256.0,-256.0,111.0,-12.0,0,1.0,0.0,1.0,0.0,0.0,0.0,1.0,0.0
292720,1.0,-20922.0,-3298.0,0.6873090049669062,0.5726825047161584,-2270.0,-815.0,-10.0,-441.0,-449.0,-151.66666666666666,0,0.3333333333333333,0.6666666666666666,1.0,0.0,0.0,0.0,1.0,0.0
196661,1.0,-13698.0,-746.0,0.7651608023295703,0.1963339662134567,-168.0,-208.0,-68.0,-124.0,271.0,-25.0,1,0.6666666666666666,0.3333333333333333,0.5,0.0,0.0,0.0,1.0,0.0
233033,1.0,-22290.0,-1544.0,0.7044973118583409,0.6512602186973006,-1664.0,-508.0,-351.0,-403.6666666666667,-360.0,-289.6666666666667,0,0.0,1.0,1.0,0.0,0.0,0.0,1.0,0.0
117026,1.0,-12027.0,-2641.0,0.0845043675093664,0.1595195404777181,-208.0,-336.0,-81.0,-208.5,29.0,-20.5,1,1.0,0.0,0.5,0.0,0.0,0.0,1.0,0.0
195016,0.0,-15018.0,-603.0,0.0844891430037251,0.4135967602644276,0.0,-684.0,-124.0,-428.6666666666667,-561.0,-300.0,1,0.3333333333333333,0.6666666666666666,1.0,0.0,0.0,0.0,1.0,0.0
312352,1.0,-11084.0,-1799.0,0.7105068043337903,0.5352762504724826,-832.0,-1836.0,-269.0,-1042.0,-1286.0,-473.08333333333337,0,0.375,0.625,1.0,0.0,0.0,0.0,1.0,0.0
186715,0.0,-10224.0,-882.0,0.0567206970228191,0.5352762504724826,-318.0,-1836.0,-269.0,-1042.0,-1286.0,-473.08333333333337,1,0.375,0.625,0.8333333333333334,0.0,0.0,0.0,1.0,0.0
282799,1.0,-10232.0,-811.0,0.5540109906190815,0.5352762504724826,-359.0,-263.0,-44.0,-160.57142857142858,-330.0,-11.0,0,0.42857142857142855,0.5714285714285714,0.16666666666666666,0.6666666666666666,0.0,0.3333333333333333,0.3333333333333333,0.16666666666666666
260882,1.0,-23709.0,-1544.0,0.2924829562654021,0.3979463219016906,-295.0,-1488.0,-472.0,-1086.25,-1276.0,-515.25,0,0.0,1.0,0.3333333333333333,0.6666666666666666,0.6666666666666666,0.0,0.3333333333333333,0.0
108912,0.0,-18383.0,-927.0,0.6959507377420072,0.5352762504724826,-465.0,-1836.0,-269.0,-1042.0,-1286.0,-473.08333333333337,1,0.375,0.625,0.6666666666666666,0.0,0.0,0.0,1.0,0.0
159062,0.0,-8931.0,-2296.0,0.3531549928789576,0.3108182544189319,-2252.0,-1238.0,-144.0,-862.4,-858.0,-294.5,1,0.2,0.8,0.8,0.0,0.0,0.0,1.0,0.0
306672,0.0,-14386.0,-2371.0,0.2669517555782443,0.3572932680336494,-603.0,-2090.0,-113.0,-772.0,-1937.0,-48.0,1,1.0,0.0,0.5,0.375,0.375,0.0,0.625,0.375
355428,0.0,-13059.0,-1849.0,0.2671529277783148,0.5726825047161584,-625.0,-2035.0,-205.0,-1148.6666666666667,-1699.0,-729.8333333333334,0,0.3333333333333333,0.6666666666666666,0.5,0.5,0.5,0.0,0.5,0.5
230651,0.0,-13232.0,-1442.0,0.5203602717604611,0.6397075677637197,-856.0,-515.0,-515.0,-515.0,1311.0,-27.0,0,1.0,0.0,0.5,0.0,0.0,0.0,1.0,0.0
215517,0.0,-11059.0,-1028.0,0.6755466928465069,0.5352762504724826,-270.0,-1836.0,-269.0,-1042.0,-1286.0,-473.08333333333337,1,0.375,0.625,1.0,0.0,0.0,0.0,1.0,0.0
414554,1.0,-18577.0,-1544.0,0.3035067079523471,0.646329897706246,0.0,-1476.0,-705.0,-1179.0,-1292.0,-919.5,1,0.0,1.0,1.0,0.0,0.0,0.0,1.0,0.0
273162,1.0,-15257.0,-2527.0,0.481384778295505,0.5352762504724826,-825.0,-1836.0,-269.0,-1042.0,-1286.0,-473.08333333333337,0,0.375,0.625,0.8,0.2,0.2,0.0,0.8,0.0
110300,0.0,-11881.0,-2413.0,0.1730726074129658,0.6041125998015721,-1540.0,-1273.0,-881.0,-1129.6,-1179.0,-809.6,1,0.0,1.0,1.0,0.0,0.0,0.0,1.0,0.0
121161,1.0,-14349.0,-4082.0,0.2848365081770392,0.2837118826350007,-1650.0,-1258.0,-180.0,-718.8571428571429,-916.0,-376.85714285714283,1,0.2857142857142857,0.7142857142857143,1.0,0.0,0.0,0.0,1.0,0.0
425303,1.0,-15334.0,-175.0,0.3056929881840761,0.5352762504724826,-1741.0,-2391.0,-269.0,-2391.0,-2209.0,-473.08333333333337,1,0.0,1.0,0.875,0.0,0.0,0.0,1.0,0.0
126379,1.0,-14967.0,-5827.0,0.0653681079985778,0.2955826421513093,-458.0,-2422.0,-262.0,-1347.111111111111,-2060.0,-943.5555555555555,1,0.2222222222222222,0.6666666666666666,0.4,0.6,0.6,0.0,0.4,0.2
406075,1.0,-18581.0,-2115.0,0.2631351109026627,0.6075573001388961,-1273.0,-2574.0,-194.0,-1061.111111111111,-2027.0,-487.55555555555554,1,0.2222222222222222,0.7777777777777778,0.2857142857142857,0.2857142857142857,0.2857142857142857,0.0,0.7142857142857143,0.0
197259,1.0,-11802.0,-411.0,0.580686936821281,0.1359510441732951,-3167.0,-1448.0,-41.0,-680.875,-1357.0,-425.0625,1,0.4375,0.5625,1.0,0.0,0.0,0.0,1.0,0.0
193501,1.0,-8060.0,-294.0,0.6050929200777626,0.5352762504724826,-171.0,-867.0,-533.0,-686.0,-533.0,-579.4,1,0.8,0.2,1.0,0.0,0.0,0.0,1.0,0.0
291853,0.0,-11762.0,-1388.0,0.6211914775671671,0.2103502286944494,-244.0,-1386.0,-240.0,-649.2,-330.0,-162.0,1,0.4,0.6,0.4,0.3,0.1,0.1,0.7,0.0
174046,0.0,-12672.0,-709.0,0.1905626909400036,0.5352762504724826,0.0,-1836.0,-269.0,-1042.0,-1286.0,-473.08333333333337,1,0.375,0.625,1.0,0.0,0.0,0.0,1.0,0.0
272258,1.0,-18145.0,-2819.0,0.0605182111657189,0.3672910183026313,-1521.0,-2166.0,-62.0,-830.9166666666666,-2074.0,-409.1666666666667,1,0.4166666666666667,0.5833333333333334,0.3333333333333333,0.1111111111111111,0.0,0.0,0.8888888888888888,0.0
149343,1.0,-10560.0,-1111.0,0.3093578405468962,0.2721336844147212,-267.0,-572.0,-77.0,-299.0,-449.0,-163.33333333333334,1,0.6666666666666666,0.3333333333333333,0.23076923076923078,0.5384615384615384,0.0,0.5384615384615384,0.46153846153846156,0.15384615384615385
431068,0.0,-18907.0,-445.0,0.6695607873909883,0.5638350489514956,-1278.0,-1119.0,-1119.0,-1119.0,344.0,-78.0,1,1.0,0.0,1.0,0.0,0.0,0.0,1.0,0.0
133346,1.0,-7989.0,-424.0,0.3941010334956565,0.3556387169923543,0.0,-412.0,-39.0,-202.0,148.0,-21.0,1,1.0,0.0,1.0,0.0,0.0,0.0,1.0,0.0
169120,0.0,-14106.0,-440.0,0.1173147789870856,0.5352762504724826,-338.0,-1836.0,-269.0,-1042.0,-1286.0,-473.08333333333337,0,0.375,0.625,0.5,0.5,0.5,0.0,0.5,0.0
194289,1.0,-24575.0,-1544.0,0.4417661071081467,0.3296550543128238,-234.0,-1287.0,-147.0,-612.5,-828.0,-339.6666666666667,0,0.16666666666666666,0.8333333333333334,0.5,0.0,0.0,0.0,1.0,0.0
270247,1.0,-8520.0,-529.0,0.6640270114551131,0.1566398270314114,-482.0,-532.0,-38.0,-159.33333333333334,-330.0,-58.0,1,0.3333333333333333,0.6666666666666666,1.0,0.0,0.0,0.0,1.0,0.0
207535,0.0,-16194.0,-1544.0,0.5530706584512258,0.6894791426446275,-958.0,-2834.0,-253.0,-1089.5,-2089.0,-272.2,0,0.6,0.3,1.0,0.0,0.0,0.0,1.0,0.5
220473,1.0,-18749.0,-675.0,0.6239507696932519,0.5709165417729987,-2450.0,-2914.0,-152.0,-1162.6,-1818.0,-436.2,0,0.6,0.4,1.0,0.0,0.0,0.0,1.0,0.0
320450,0.0,-12356.0,-1777.0,0.1397058468710713,0.5082869913916046,-1147.0,-1239.0,-100.0,-389.25,-87.0,-22.5,0,0.75,0.25,1.0,0.0,0.0,0.0,1.0,0.0
265882,1.0,-21244.0,-318.0,0.3681185670277635,0.1253078784282391,-664.0,-619.0,-57.0,-283.09090909090907,-368.0,-127.0,1,0.36363636363636365,0.6363636363636364,0.3076923076923077,0.15384615384615385,0.15384615384615385,0.0,0.8461538461538461,0.07692307692307693
159521,0.0,-10099.0,-1620.0,0.5810116981053661,0.5352762504724826,-2237.0,-2702.0,-269.0,-1042.0,-2580.0,-473.08333333333337,1,0.3333333333333333,0.6666666666666666,1.0,0.0,0.0,0.0,1.0,0.0
294734,0.0,-19472.0,-926.0,0.6568132223916464,0.3927738606031339,-223.0,-751.0,-484.0,-599.6666666666666,344.0,-16.666666666666668,1,1.0,0.0,1.0,0.0,0.0,0.0,1.0,0.5
301013,1.0,-9943.0,-1389.0,0.414861477635626,0.2594676548211199,-622.0,-584.0,-36.0,-271.8333333333333,-29.0,-158.33333333333334,1,0.5,0.5,0.5714285714285714,0.2857142857142857,0.2857142857142857,0.0,0.7142857142857143,0.0
333419,0.0,-24634.0,-1544.0,0.5316238732251467,0.8633633824101478,0.0,-2048.0,-269.0,-2048.0,-1743.0,-1494.0,0,0.0,1.0,1.0,0.0,0.0,0.0,1.0,0.0
206847,0.0,-9028.0,-461.0,0.2463915967105869,0.5352762504724826,-4.0,-1836.0,-269.0,-1042.0,-1286.0,-473.08333333333337,1,0.375,0.625,0.5,0.25,0.0,0.0,0.75,0.0
279389,1.0,-20498.0,-1544.0,0.6316458382432906,0.6674577419214722,-168.0,-2425.0,-119.0,-1525.8333333333333,-2060.0,-631.3333333333334,0,0.16666666666666666,0.8333333333333334,1.0,0.0,0.0,0.0,1.0,0.0
410519,0.0,-10883.0,-1802.0,0.005649165178933,0.5352762504724826,0.0,-1836.0,-269.0,-1042.0,-1286.0,-473.08333333333337,1,0.375,0.625,0.75,0.25,0.25,0.0,0.75,0.0
324290,0.0,-13694.0,-964.0,0.0828761045437217,0.3893387918468769,-51.0,-856.0,-338.0,-484.75,758.0,-20.0,0,1.0,0.0,0.4166666666666667,0.5,0.4166666666666667,0.0,0.5,0.0
189789,1.0,-9105.0,-379.0,0.4845409646298458,0.5352762504724826,0.0,-1836.0,-269.0,-1042.0,-1286.0,-473.08333333333337,1,0.375,0.625,1.0,0.0,0.0,0.0,1.0,0.0
390582,1.0,-10051.0,-881.0,0.1247142525126142,0.7136313997323308,-1149.0,-733.0,-733.0,-733.0,-3.0,-488.0,0,0.0,1.0,1.0,0.0,0.0,0.0,1.0,0.0
217691,0.0,-19108.0,-2298.0,0.3501834903839345,0.5352762504724826,0.0,-1836.0,-269.0,-1042.0,-1286.0,-473.08333333333337,1,0.375,0.625,1.0,0.0,0.0,0.0,1.0,0.0
422125,0.0,-21421.0,-670.0,0.6891108370159869,0.5352762504724826,-410.0,-2043.0,-389.0,-940.3333333333334,-1736.0,-24.333333333333332,0,1.0,0.0,0.8,0.0,0.0,0.0,1.0,0.8
440794,1.0,-19297.0,-2189.0,0.481646830650865,0.3360615207658242,-397.0,-2587.0,-78.0,-1037.0666666666666,-2374.0,-612.6666666666666,1,0.4,0.5333333333333333,0.6666666666666666,0.0,0.0,0.0,0.6666666666666666,0.0
407647,1.0,-11841.0,-1068.0,0.5376520487458736,0.5352762504724826,-287.0,-1836.0,-269.0,-1042.0,-1286.0,-473.08333333333337,0,0.375,0.625,1.0,0.0,0.0,0.0,1.0,0.0
218404,0.0,-11925.0,-4085.0,0.6682095404428827,0.4048783643353997,-1331.0,-1781.0,-276.0,-1079.6666666666667,-1474.0,-499.8333333333333,0,0.5,0.5,0.8888888888888888,0.0,0.0,0.0,1.0,0.0
104057,1.0,-22482.0,-1544.0,0.3819921394410039,0.5352762504724826,-1476.0,-1836.0,-269.0,-1042.0,-1286.0,-473.08333333333337,0,0.375,0.625,0.8,0.2,0.2,0.0,0.8,0.2
118513,1.0,-19041.0,-1177.0,0.540102707255089,0.1393757800997895,-306.0,-1063.0,-213.0,-505.6666666666667,-630.0,-101.44444444444444,0,0.4444444444444444,0.5555555555555556,0.25,0.125,0.125,0.0,0.875,0.375
166918,0.0,-13742.0,-102.0,0.1735143337102543,0.3572932680336494,-612.0,-892.0,-207.0,-518.3333333333334,-330.0,-166.0,1,0.3333333333333333,0.6666666666666666,0.42857142857142855,0.42857142857142855,0.2857142857142857,0.0,0.42857142857142855,0.14285714285714285
199132,1.0,-13472.0,-2099.0,0.4709888892213641,0.5154953751603267,-1482.0,-1357.0,-357.0,-951.8333333333334,-918.0,-529.1666666666666,0,0.25,0.75,0.75,0.25,0.125,0.0,0.75,0.25
378856,1.0,-9870.0,-784.0,0.043656012199981,0.5352762504724826,-942.0,-1836.0,-269.0,-1042.0,-1286.0,-473.08333333333337,0,0.375,0.625,0.5555555555555556,0.4444444444444444,0.1111111111111111,0.3333333333333333,0.5555555555555556,0.3333333333333333
262502,1.0,-11490.0,-1244.0,0.4387160543942522,0.1884895337951677,-1527.0,-2247.0,-27.0,-767.6153846153846,-1943.0,-492.61538461538464,1,0.46153846153846156,0.5384615384615384,0.5,0.5,0.25,0.0,0.5,0.0
103342,0.0,-8511.0,-85.0,0.0147741819841398,0.5352762504724826,-758.0,-1836.0,-269.0,-1042.0,-1286.0,-473.08333333333337,1,0.375,0.625,0.5,0.5,0.0,0.0,0.5,0.0
189720,0.0,-16121.0,-732.0,0.5998714608507393,0.5352762504724826,-177.0,-1836.0,-269.0,-1042.0,-1286.0,-473.08333333333337,0,0.375,0.625,0.3333333333333333,0.0,0.0,0.0,1.0,0.3333333333333333
179439,0.0,-9653.0,-1290.0,0.3344900162186198,0.5352762504724826,-167.0,-885.0,-13.0,-399.8181818181818,-519.0,-139.0,0,0.5454545454545454,0.45454545454545453,0.14285714285714285,0.42857142857142855,0.2857142857142857,0.14285714285714285,0.5714285714285714,0.14285714285714285
218650,0.0,-12593.0,-1491.0,0.3761502588645498,0.6738300778602003,-903.0,-1061.0,-1061.0,-1061.0,738.0,-20.0,0,1.0,0.0,1.0,0.0,0.0,0.0,1.0,0.0
158493,0.0,-9156.0,-398.0,0.1748858741715083,0.4365064990977374,0.0,-699.0,-427.0,-523.6666666666666,-262.0,-249.66666666666666,1,0.3333333333333333,0.6666666666666666,1.0,0.0,0.0,0.0,1.0,0.0
210923,1.0,-18427.0,-375.0,0.246602800133862,0.5352762504724826,0.0,-1836.0,-269.0,-1042.0,-1286.0,-473.08333333333337,0,0.375,0.625,1.0,0.0,0.0,0.0,1.0,0.0
127551,0.0,-13661.0,-6029.0,0.6151525919279317,0.3233112448967859,-35.0,-2825.0,-101.0,-1484.111111111111,-2644.0,-1207.4444444444443,1,0.2222222222222222,0.7777777777777778,0.2857142857142857,0.2857142857142857,0.2857142857142857,0.0,0.7142857142857143,0.0
148472,0.0,-10026.0,-153.0,0.2400564004312804,0.3092753558842053,0.0,-1432.0,-152.0,-602.25,-1063.0,-337.5,1,0.5,0.5,1.0,0.0,0.0,0.0,1.0,0.0
136937,1.0,-11464.0,-2331.0,0.0261381217665229,0.2608559142068693,-721.0,-1304.0,-294.0,-636.1666666666666,-1123.0,-234.5,0,0.6666666666666666,0.3333333333333333,0.3684210526315789,0.47368421052631576,0.10526315789473684,0.21052631578947367,0.5263157894736842,0.5789473684210527
221294,1.0,-13797.0,-4230.0,0.1627902635342866,0.1714683668967994,-1714.0,-2262.0,-280.0,-1113.3333333333333,-1958.0,-408.6666666666667,1,0.5555555555555556,0.4444444444444444,0.7,0.2,0.1,0.0,0.8,0.2
